{"cameraMode":{"drawMode":0,"name":"Shaded","section":"Shading Mode"},"sceneLighting":true,"audioPlay":false,"sceneViewState":{"showFog":true,"showMaterialUpdate":false,"showSkybox":true,"showFlares":true,"showImageEffects":true,"showParticleSystems":true},"in2DMode":false,"pivot":{"x":-0.071044921875,"y":-0.116943359375,"z":0.16162109375},"rotation":{"x":0.09581202268600464,"y":-0.8712436556816101,"z":0.18843331933021546,"w":0.44299885630607607},"size":7.365228652954102,"orthographic":true}