{"cameraMode":{"drawMode":0,"name":"Shaded","section":"Shading Mode"},"sceneLighting":true,"audioPlay":false,"sceneViewState":{"m_AlwaysRefresh":false,"showFog":true,"showSkybox":true,"showFlares":true,"showImageEffects":true,"showParticleSystems":true,"showVisualEffectGraphs":true,"m_FxEnabled":true},"in2DMode":false,"pivot":{"x":-0.9103415012359619,"y":-0.014939308166503907,"z":0.3992490768432617},"rotation":{"x":0.35367774963378909,"y":0.00027668531402014196,"z":-0.00010461696365382522,"w":0.9353677034378052},"size":5.7375311851501469,"orthographic":false}