{"cameraMode":{"drawMode":0,"name":"Shaded","section":"Shading Mode"},"sceneLighting":true,"audioPlay":false,"sceneViewState":{"m_AlwaysRefresh":false,"showFog":true,"showSkybox":true,"showFlares":true,"showImageEffects":true,"showParticleSystems":true,"showVisualEffectGraphs":true,"m_FxEnabled":true},"in2DMode":false,"pivot":{"x":1.9337087869644166,"y":0.4922633171081543,"z":-0.5535004138946533},"rotation":{"x":0.2920803725719452,"y":0.002868312643840909,"z":-0.0008747488027438521,"w":0.9564024209976196},"size":5.628461837768555,"orthographic":true}