{"cameraMode":{"drawMode":0,"name":"Shaded","section":"Shading Mode"},"sceneLighting":true,"audioPlay":false,"sceneViewState":{"m_AlwaysRefresh":false,"showFog":true,"showSkybox":true,"showFlares":true,"showImageEffects":true,"showParticleSystems":true,"showVisualEffectGraphs":true,"m_FxEnabled":true},"in2DMode":false,"pivot":{"x":-0.30029937624931338,"y":1.333191990852356,"z":-2.507805585861206},"rotation":{"x":0.39485201239585879,"y":-0.00275843171402812,"z":0.0011814259923994542,"w":0.9187659621238709},"size":3.5570497512817385,"orthographic":true}